{"skeleton":{"hash":"1djbv1ugj3I","spine":"4.1.24","x":-282.35,"y":-78.6,"width":560,"height":804,"fps":46,"images":"./images/","audio":"//10.0.1.252/On-going Project/Unity Test/action"},"bones":[{"name":"root"},{"name":"ren","parent":"root","x":0.14,"y":177.44},{"name":"body_1","parent":"ren","length":142.42,"rotation":90.62,"x":1.03,"y":22.19},{"name":"thigh_r","parent":"body_1","length":85.8,"rotation":178.3,"x":5.6,"y":-26.44},{"name":"calf_r","parent":"thigh_r","length":106.17,"rotation":2.27,"x":87.84,"y":-1.76},{"name":"thigh_l","parent":"body_1","length":104.86,"rotation":178.85,"x":1.6,"y":23.6},{"name":"calf_l","parent":"thigh_l","length":113.2,"rotation":-2.88,"x":81.38,"y":-0.33},{"name":"face_0","parent":"body_1","length":248.59,"rotation":-0.92,"x":152.57,"y":1.92},{"name":"arm_r_1","parent":"body_1","length":72.29,"rotation":-142.02,"x":96.59,"y":-39.09},{"name":"forearm_r_0","parent":"arm_r_1","length":71.87,"rotation":9.85,"x":62.66,"y":0.09},{"name":"hand_r","parent":"forearm_r_0","length":51.08,"rotation":8.5,"x":71.86,"y":-0.42},{"name":"arm_l","parent":"body_1","length":77.52,"rotation":139.9,"x":97.3,"y":38.96},{"name":"forearm_l","parent":"arm_l","length":68.47,"rotation":-10.31,"x":66.26,"y":3.47},{"name":"hand_l","parent":"forearm_l","length":44.18,"rotation":-11.35,"x":69.96,"y":3.25},{"name":"leg_l","parent":"root","x":-28.01,"y":5.24,"color":"ff3f00ff"},{"name":"leg_r","parent":"root","x":26.77,"y":10.3,"color":"ff3f00ff"},{"name":"upface","parent":"face_0","length":44.66,"rotation":90.38,"x":370.57,"y":-12.13},{"name":"hair","parent":"upface","length":35.14,"rotation":-90.08,"x":40.3,"y":113.89},{"name":"emotion","parent":"upface","length":20.17,"rotation":-88.49,"x":64.29,"y":310.01},{"name":"mouth","parent":"emotion","length":13.18,"rotation":-94.56,"x":-38.76,"y":-27.74},{"name":"eye","parent":"emotion","length":19.09,"rotation":-1.59,"x":-5.32,"y":-100.3},{"name":"bracelets","parent":"forearm_l","x":49.38,"y":8.3}],"slots":[{"name":"arm_l_0","bone":"arm_l","attachment":"arm_l_0"},{"name":"arm_l_1","bone":"arm_l","attachment":"arm_l_1"},{"name":"arm_r_0","bone":"arm_r_1","attachment":"arm_r_0"},{"name":"arm_r_1","bone":"arm_r_1","attachment":"arm_r_1"},{"name":"thigh_l_0","bone":"thigh_l","attachment":"thigh_l_0"},{"name":"thigh_l_1","bone":"thigh_l","attachment":"thigh_l_1"},{"name":"calf_l_0","bone":"calf_l","attachment":"calf_l_0"},{"name":"calf_l_1","bone":"calf_l","attachment":"calf_l_1"},{"name":"thigh_r_0","bone":"thigh_r","attachment":"thigh_r_0"},{"name":"thigh_r_1","bone":"thigh_r","attachment":"thigh_r_1"},{"name":"calf_r_0","bone":"calf_r","attachment":"calf_r_0"},{"name":"calf_r_1","bone":"calf_r","attachment":"calf_r_1"},{"name":"body_0","bone":"body_1","attachment":"body_0"},{"name":"body_1","bone":"body_1","attachment":"body_1"},{"name":"thigh_l","bone":"thigh_l","attachment":"1/thigh_l"},{"name":"calf_l","bone":"calf_l","attachment":"1/calf_l"},{"name":"thigh_r","bone":"thigh_r","attachment":"1/thigh_r"},{"name":"calf_r","bone":"calf_r","attachment":"1/calf_r"},{"name":"face_0","bone":"face_0","attachment":"face_0"},{"name":"face_1","bone":"face_0","attachment":"face_1"},{"name":"mouth","bone":"mouth","attachment":"mouth"},{"name":"eye","bone":"eye","attachment":"eye_0"},{"name":"emotion","bone":"emotion"},{"name":"eyebrow","bone":"emotion","attachment":"eyebrow"},{"name":"hair","bone":"hair","attachment":"1hair/hair_0"},{"name":"forearm_r_0","bone":"forearm_r_0","attachment":"forearm_r_0"},{"name":"forearm_r_1","bone":"forearm_r_0","attachment":"forearm_r_1"},{"name":"forearm_l_0","bone":"forearm_l","attachment":"forearm_l_0"},{"name":"forearm_l_1","bone":"forearm_l","attachment":"forearm_l_1"},{"name":"arm_r","bone":"arm_r_1","attachment":"1/arm_r"},{"name":"arm_l","bone":"arm_l","attachment":"1/arm_l"},{"name":"body","bone":"body_1","attachment":"1/body"},{"name":"hand_r_0","bone":"hand_r","attachment":"hand_1_r_0"},{"name":"hand_r_1","bone":"hand_r","attachment":"hand_1_r_1"},{"name":"hand_l_0","bone":"hand_l","attachment":"hand_1_l_0"},{"name":"hand_l_1","bone":"hand_l","attachment":"hand_1_l_1"},{"name":"hand_l","bone":"hand_l","attachment":"hand_1_l"},{"name":"hand_r","bone":"hand_r","attachment":"hand_1_r"},{"name":"forearm_r","bone":"forearm_r_0","attachment":"1/forearm_r"},{"name":"forearm_l","bone":"forearm_l","attachment":"1/forearm_l"},{"name":"bracelets","bone":"bracelets"}],"ik":[{"name":"leg_l","bones":["thigh_l","calf_l"],"target":"leg_l"},{"name":"leg_r","order":1,"bones":["thigh_r","calf_r"],"target":"leg_r","bendPositive":false}],"skins":[{"name":"default","attachments":{"arm_l":{"1/arm_l":{"x":76.82,"y":133.92,"rotation":135.91,"width":428,"height":416}},"arm_l_0":{"arm_l_0":{"x":69.92,"y":130.04,"rotation":135.91,"width":428,"height":416}},"arm_l_1":{"arm_l_1":{"x":41.44,"y":2.32,"rotation":135.91,"width":72,"height":74}},"arm_r":{"1/arm_r":{"x":87.52,"y":-128.52,"rotation":48.27,"width":428,"height":416}},"arm_r_0":{"arm_r_0":{"x":37.17,"y":-0.6,"rotation":48.27,"width":69,"height":73}},"arm_r_1":{"arm_r_1":{"x":-8.05,"y":-52.06,"rotation":48.27,"width":208,"height":74}},"body":{"1/body":{"x":-52.08,"y":1.84,"rotation":-90.62,"width":428,"height":416}},"body_0":{"body_0":{"type":"mesh","uvs":[0.2898,0.145,0.3458,0.00343,0.66242,0,0.72126,0.14802,0.84514,0.18185,0.98753,0.2367,0.99999,0.39712,0.96754,0.82526,0.8863,0.93932,0.78184,0.99999,0.24277,1,0.06644,0.94783,0,0.81824,1.0E-5,0.38717,0.01239,0.24572,0.15558,0.18424],"triangles":[9,10,8,8,10,11,11,12,8,8,12,7,6,7,13,7,12,13,13,14,6,14,5,6,14,4,5,14,15,4,15,3,4,15,0,3,0,1,3,1,2,3],"vertices":[2,2,128.5,21.93,0.91535,7,-24.38,19.62,0.08465,2,2,154.91,15.87,0.25443,7,2.12,13.99,0.74557,2,2,155.2,-16.75,0.4122,7,2.93,-18.62,0.5878,2,2,127.45,-22.51,0.86402,7,-24.72,-24.83,0.13598,1,2,120.99,-35.2,1,1,2,110.57,-49.75,1,1,2,80.56,-50.72,1,1,2,0.54,-46.5,1,1,2,-20.7,-37.9,1,1,2,-31.92,-27.01,1,1,2,-31.32,28.51,1,1,2,-21.37,46.56,1,1,2,2.94,53.14,1,1,2,83.54,52.26,1,1,2,109.98,50.7,1,2,2,121.31,35.83,0.99927,7,-31.79,33.4,7.3E-4],"hull":16,"edges":[0,30,0,2,2,4,4,6,6,8,10,12,12,14,14,16,16,18,18,20,20,22,22,24,24,26,26,28,28,30,8,10,26,12,28,10,8,30,0,6,24,14,22,16],"width":103,"height":187}},"body_1":{"body_1":{"type":"mesh","uvs":[0.30464,0,0.66379,0,0.73075,0.12959,1,0.26257,1,0.65242,0.94732,0.93199,0.85097,1,0.19253,1,0.07024,0.91354,0,0.64559,0.00853,0.27498,0.26871,0.12321,0.3623,0.1245,0.35385,0.27066,0.59964,0.12778,0.61152,0.26743],"triangles":[12,0,1,11,0,12,14,12,1,14,1,2,15,14,2,15,2,3,13,11,12,13,12,14,13,14,15,10,11,13,15,3,4,9,13,15,9,10,13,15,4,9,8,9,4,5,8,4,7,8,5,6,7,5],"vertices":[2,7,2.74,19.4,0.84242,2,155.61,21.27,0.15758,2,7,2.94,-19.75,0.47103,2,155.18,-17.87,0.52897,2,7,-21.52,-27.17,0.03249,2,130.61,-24.9,0.96751,1,2,105.16,-53.98,1,1,2,31.49,-53.18,1,1,2,-21.29,-46.86,1,1,2,-34.03,-36.22,1,1,2,-33.25,35.55,1,1,2,-16.76,48.7,1,1,2,33.96,55.81,1,2,7,-49.4,51.41,2.1E-4,2,103.99,54.11,0.99979,2,7,-20.57,23.2,0.18956,2,132.37,25.44,0.81044,2,7,-20.77,12.99,0.15638,2,132.01,15.25,0.84362,2,7,-48.39,13.77,0.0021,2,104.4,16.47,0.9979,2,7,-21.25,-12.88,0.01276,2,131.11,-10.62,0.98724,1,2,104.71,-11.62,1],"hull":12,"edges":[0,22,0,2,2,4,10,12,12,14,14,16,20,22,16,18,18,20,8,10,18,8,4,6,6,8,24,22,26,20,24,26,4,28,28,24,6,30,30,26,28,30,16,10],"width":109,"height":189}},"bracelets":{"bracelets_1":{"x":9.97,"y":-39.37,"rotation":139.79,"width":128,"height":128}},"calf_l":{"1/calf_l":{"x":-29.16,"y":25.39,"rotation":91.51,"width":428,"height":416}},"calf_l_0":{"calf_l_0":{"x":52.96,"y":-12.85,"rotation":93.41,"width":65,"height":131}},"calf_l_1":{"calf_l_1":{"x":57.48,"y":-13.08,"rotation":93.41,"width":70,"height":124}},"calf_r":{"1/calf_r":{"x":-30.62,"y":-25.49,"rotation":90.37,"width":428,"height":416}},"calf_r_0":{"calf_r_0":{"x":49.9,"y":13.99,"rotation":88.81,"width":65,"height":131}},"calf_r_1":{"calf_r_1":{"x":54.41,"y":14.4,"rotation":88.81,"width":70,"height":124}},"emotion":{"emo_0_1":{"x":55.31,"y":-52.88,"rotation":-91.4,"width":296,"height":279}},"eye":{"eye_0":{"x":59.52,"y":48.82,"rotation":-90,"width":296,"height":279}},"eyebrow":{"eyebrow":{"x":52.7,"y":-51.68,"rotation":-91,"width":296,"height":279}},"face_0":{"face_0":{"x":119.84,"y":-1.79,"rotation":-89.7,"width":300,"height":283}},"face_1":{"face_1":{"x":119.34,"y":-0.79,"rotation":-89.7,"width":300,"height":283}},"forearm_l":{"1/forearm_l":{"x":-6.52,"y":131.48,"rotation":143.79,"width":428,"height":416}},"forearm_l_0":{"forearm_l_0":{"x":35.22,"y":0.74,"rotation":143.79,"width":78,"height":67}},"forearm_l_1":{"forearm_l_1":{"x":42.37,"y":-0.52,"rotation":143.79,"width":79,"height":67}},"forearm_r":{"1/forearm_r":{"x":11.92,"y":-131.26,"rotation":41.59,"width":428,"height":416}},"forearm_r_0":{"forearm_r_0":{"x":37.34,"y":-1.81,"rotation":35.09,"width":83,"height":70}},"forearm_r_1":{"forearm_r_1":{"x":39.83,"y":-1.88,"rotation":35.09,"width":87,"height":71}},"hair":{"1hair/hair_0":{"x":-228.83,"y":-26.15,"rotation":-90,"width":560,"height":691}},"hand_l":{"hand_1_l":{"x":-92.94,"y":117.34,"rotation":151.14,"width":428,"height":416},"hand_2_l":{"x":-107.68,"y":90.25,"rotation":162.97,"width":428,"height":416}},"hand_l_0":{"hand_1_l_0":{"x":21.39,"y":0.93,"scaleX":1.0342,"scaleY":1.0342,"rotation":159.49,"width":58,"height":51},"hand_2_l_0":{"x":23.56,"y":-4.68,"rotation":177.21,"width":68,"height":34}},"hand_l_1":{"hand_1_l_1":{"x":23.9,"y":0.53,"scaleX":1.0342,"scaleY":1.0342,"rotation":159.49,"width":55,"height":54},"hand_2_l_1":{"x":25.14,"y":-4.74,"rotation":177.21,"width":71,"height":39}},"hand_r":{"hand_1_r":{"x":-80.9,"y":-122.11,"rotation":33.04,"width":428,"height":416},"hand_2_r":{"x":-107.59,"y":-84.37,"rotation":13.26,"width":428,"height":416}},"hand_r_0":{"hand_1_r_0":{"x":24.02,"y":1.2,"scaleX":0.9274,"scaleY":0.9274,"rotation":30.14,"width":62,"height":55},"hand_2_r_0":{"x":27.32,"y":0.45,"rotation":9.35,"width":61,"height":41}},"hand_r_1":{"hand_1_r_1":{"x":27.09,"y":2.38,"scaleX":0.9274,"scaleY":0.9274,"rotation":34.02,"width":59,"height":57},"hand_2_r_1":{"x":28.3,"y":0.61,"rotation":9.35,"width":61,"height":47}},"mouth":{"mouth":{"x":22.54,"y":96.99,"width":296,"height":279}},"thigh_l":{"1/thigh_l":{"x":48.89,"y":25.95,"rotation":91.4,"width":428,"height":416}},"thigh_l_0":{"thigh_l_0":{"x":47.49,"y":-1.12,"rotation":90.53,"width":44,"height":103}},"thigh_l_1":{"thigh_l_1":{"x":48.99,"y":-1.6,"rotation":90.53,"width":45,"height":110}},"thigh_r":{"1/thigh_r":{"x":55.53,"y":-27.25,"rotation":89.08,"width":428,"height":416}},"thigh_r_0":{"thigh_r_0":{"x":52.07,"y":-2.07,"rotation":91.07,"width":43,"height":103}},"thigh_r_1":{"thigh_r_1":{"x":53.57,"y":-2.04,"rotation":91.07,"width":45,"height":110}}}}],"animations":{"1dazhaohu":{"slots":{"emotion":{"attachment":[{"name":"emo_0_1"}]}},"bones":{"face_0":{"rotate":[{},{"time":0.4348,"value":-10.87},{"time":1.3043,"value":12.66},{"time":1.7391},{"time":2.1739,"value":-10.87},{"time":3.0435,"value":12.66},{"time":3.4783}]},"arm_r_1":{"rotate":[{},{"time":0.8696,"value":-2.02},{"time":1.7391,"value":5.63},{"time":2.6087,"value":-2.76},{"time":3.4783}]},"arm_l":{"rotate":[{},{"time":0.1957,"value":-25.41},{"time":0.5217,"value":-72.61},{"time":0.7391,"value":-71.1},{"time":1.413,"curve":"stepped"},{"time":1.8261},{"time":2.3261,"value":-72.61},{"time":2.6957,"value":-71.1},{"time":3.3478}]},"forearm_l":{"rotate":[{"time":0.3261},{"time":0.5435,"value":-39.94},{"time":0.6739,"value":-29.35},{"time":0.8261,"value":-36.86},{"time":1.0652,"curve":"stepped"},{"time":2.1304},{"time":2.3478,"value":-39.94},{"time":2.4783,"value":-29.35},{"time":2.6304,"value":-36.86},{"time":2.8696}]},"hand_l":{"rotate":[{"time":0.4348},{"time":0.5652,"value":-12.48},{"time":0.7174,"value":23.25},{"time":0.8261,"value":-8.06},{"time":1.7391,"curve":"stepped"},{"time":2.1739},{"time":2.3043,"value":-12.48},{"time":2.4565,"value":23.25},{"time":2.5652,"value":-8.06},{"time":3.4783}]}}},"2huxi":{"slots":{"emotion":{"attachment":[{"name":"emo_0_1"}]}},"bones":{"thigh_r":{"rotate":[{"value":2.11}]},"calf_r":{"rotate":[{"value":-3.58}]},"thigh_l":{"rotate":[{"value":-0.87}]},"calf_l":{"rotate":[{"value":2.65}]},"arm_r_1":{"rotate":[{"curve":[0.153,-1.16,0.179,31.25]},{"time":0.3261,"value":31.27,"curve":[0.479,32.43,0.505,0.02]},{"time":0.6522}]},"arm_l":{"rotate":[{"curve":[0.153,1.22,0.179,-32.74]},{"time":0.3261,"value":-32.76,"curve":[0.479,-33.97,0.505,-0.02]},{"time":0.6522}]},"leg_l":{"rotate":[{"curve":[0.153,0.43,0.179,-11.64]},{"time":0.3261,"value":-11.64,"curve":[0.479,-12.08,0.505,-0.01]},{"time":0.6522}],"translate":[{"curve":[0.153,3.35,0.179,-90.1,0.153,0.81,0.179,-21.8]},{"time":0.3261,"x":-90.15,"y":-21.81,"curve":[0.479,-93.5,0.505,-0.05,0.479,-22.62,0.505,-0.01]},{"time":0.6522}]},"leg_r":{"translate":[{"curve":[0.153,-4.64,0.179,124.98,0.153,0.78,0.179,-21.07]},{"time":0.3261,"x":125.04,"y":-21.08,"curve":[0.479,129.69,0.505,0.06,0.479,-21.87,0.505,-0.01]},{"time":0.6522}]}}},"10two hands\\face":{"slots":{"hand_l":{"attachment":[{"name":"hand_2_l"}]},"hand_l_0":{"attachment":[{"name":"hand_2_l_0"}]},"hand_l_1":{"attachment":[{"name":"hand_2_l_1"}]},"hand_r":{"attachment":[{"name":"hand_2_r"}]},"hand_r_0":{"attachment":[{"name":"hand_2_r_0"}]},"hand_r_1":{"attachment":[{"name":"hand_2_r_1"}]}},"bones":{"thigh_r":{"rotate":[{"value":2.11}]},"calf_r":{"rotate":[{"value":-3.58}]},"thigh_l":{"rotate":[{"value":-0.87}]},"calf_l":{"rotate":[{"value":2.65}]},"arm_r_1":{"rotate":[{"value":45.57}]},"forearm_r_0":{"rotate":[{"value":82.75}]},"hand_r":{"rotate":[{"value":-49.95}],"translate":[{"x":10.38,"y":-8.93}]},"arm_l":{"rotate":[{"value":-47.03}]},"forearm_l":{"rotate":[{"value":-80.49}],"translate":[{"y":-4.5}]},"hand_l":{"rotate":[{"value":65.41}]}}},"11left hand\\stand":{"bones":{"arm_l":{"rotate":[{"value":-38.55}]},"forearm_l":{"rotate":[{"value":-59.85}],"translate":[{"x":2.33,"y":-5.29}]},"hand_l":{"rotate":[{"value":44.53}],"translate":[{"x":3.82,"y":-2.19}]}}},"12rights hand\\stand":{"bones":{"arm_r_1":{"rotate":[{"value":39.31}]},"forearm_r_0":{"rotate":[{"value":55.4}]},"hand_r":{"rotate":[{"value":-51.11}],"translate":[{"x":9.36,"y":-4.2}]}}},"13two hands\\stand":{"bones":{"arm_l":{"rotate":[{"value":-42.63}]},"arm_r_1":{"rotate":[{"value":39.52}]},"forearm_l":{"rotate":[{"value":-33.6}]},"forearm_r_0":{"rotate":[{"value":41.72}]},"hand_l":{"rotate":[{"value":49.89}],"translate":[{"x":3.37,"y":-1.48}]},"hand_r":{"rotate":[{"value":-43.36}],"translate":[{"x":10.16,"y":-2.98}]}}},"14sit":{"bones":{"body_1":{"translate":[{"y":-29.75}]},"leg_l":{"translate":[{"x":-63.48}]},"leg_r":{"translate":[{"x":64.03}]}}},"15left hand\\sit":{"bones":{"arm_l":{"rotate":[{"value":-45.26}]},"forearm_l":{"rotate":[{"value":-43.82}]},"hand_l":{"rotate":[{"value":26.11}],"translate":[{"x":3.82,"y":-2.19}]},"body_1":{"translate":[{"y":-29.75}]},"leg_l":{"translate":[{"x":-63.48}]},"leg_r":{"translate":[{"x":64.03}]}}},"16rights hand\\sit":{"bones":{"arm_r_1":{"rotate":[{"value":48.46}]},"forearm_r_0":{"rotate":[{"value":46.28}]},"leg_l":{"translate":[{"x":-63.48}]},"hand_r":{"rotate":[{"value":-51.11}],"translate":[{"x":3.27,"y":3.94}]},"body_1":{"translate":[{"y":-29.75}]},"leg_r":{"translate":[{"x":64.03}]}}},"17two hands\\sit":{"bones":{"hand_l":{"rotate":[{"value":26.48}],"translate":[{"x":3.82,"y":-2.19}]},"arm_r_1":{"rotate":[{"value":49.81}]},"forearm_l":{"rotate":[{"value":-40.77}]},"forearm_r_0":{"rotate":[{"value":34.06}]},"leg_l":{"translate":[{"x":-63.48}]},"hand_r":{"rotate":[{"value":-33.59}],"translate":[{"x":3.27,"y":3.94}]},"body_1":{"translate":[{"y":-29.75}]},"arm_l":{"rotate":[{"value":-45.26}]},"leg_r":{"translate":[{"x":64.03}]}}},"19reset":{"bones":{"thigh_r":{"rotate":[{"value":2.11}]},"calf_r":{"rotate":[{"value":-3.58}]},"thigh_l":{"rotate":[{"value":-0.87}]},"calf_l":{"rotate":[{"value":2.65}]},"arm_r_1":{"rotate":[{"value":-4.97}]},"forearm_r_0":{"rotate":[{"value":3.75}]},"arm_l":{"rotate":[{"value":1.26}]}}}}}